Peak,Model,Center (cm竅ｻﾂｹ),FWHM (cm竅ｻﾂｹ),Area,Relative Intensity
1,gauss,543.1499733550424,36.60830261685098,16.920567758216244,0.434209610443489
2,gauss,570.5236320790693,6.806105089449397,1.006771449038548,0.13896208873751606
3,lorentz,565.5866311421343,47.82630661364735,20.50115565525639,0.27289251398721676
