Peak,Model,Center (cm竅ｻﾂｹ),FWHM (cm竅ｻﾂｹ),Area,Relative Intensity
1,gauss,520.0000000000001,117.44004727564663,61.5983117847615,0.49273871347930875
2,lorentz,764.4709930469015,104.21055128705133,55.179294788758405,0.33708899582597157
3,lorentz,866.733354519606,178.29101473802297,118.19327110687593,0.42203009197071084
4,gauss,1429.758559960807,181.19873115534446,192.47146019923736,0.9978730230960573
