Peak,Model,Center (cm⁻¹),FWHM (cm⁻¹),Area,Relative Intensity
1,gauss,520.0000000000001,101.99418097849004,77.63087752958937,0.7150282381838832
2,lorentz,766.505873289904,116.80487263253899,179.28642356445994,0.9771619932095914
3,gauss,890.0000000000001,112.33036933132851,68.18202163480534,0.5702125614242199
4,gauss,1245.7955269639754,159.68915962403364,29.795786105978145,0.1752844965229144
5,gauss,1410.1657005136694,163.09976949613343,128.45352734634687,0.7398723206287926
6,pvoigt,1579.9999999999998,360.12906460867464,52.55661131283685,0.20967054367314872
