Peak,Model,Center (cm⁻¹),FWHM (cm⁻¹),Area,Relative Intensity
1,pvoigt,520.0000000000001,189.94164759501095,45.992883017938766,0.3478873777496663
2,lorentz,768.3415253373407,94.54732848976782,143.0101558670422,0.9629367040675472
3,gauss,867.292564967755,48.462815525549665,10.317501585236029,0.19999999999999998
4,pvoigt,926.961442538817,120.0273481329593,40.50250126904226,0.48480810546139913
5,pvoigt,1357.0384523137354,183.08464719337377,23.9222592374058,0.18772343987764598
6,pvoigt,1460.8057196156242,214.29151613678607,32.652074579716505,0.218914254346269
7,pvoigt,1579.9999999999998,136.6005215501465,17.984153717311237,0.18914980037547938
