Peak,Model,Center (cm⁻¹),FWHM (cm⁻¹),Area,Relative Intensity
1,lorentz,528.2623466346442,107.14173385272632,29.66941315497203,0.17629110870056536
2,lorentz,771.0364185408247,60.78758828972789,97.41652969129072,1.0202294695640877
3,gauss,879.5702437325405,55.78213003340117,10.850165550888224,0.1827281107004617
4,pvoigt,937.5826920961762,84.06499194998335,21.60599217214283,0.36925575909044756
5,pvoigt,1355.1408967583495,157.59010905916816,12.907586770806363,0.1176750349596145
6,pvoigt,1473.9455352148345,164.41545635245274,18.275213050930194,0.1596937962939486
7,pvoigt,1578.2015444048582,109.56731308094447,11.991899937593969,0.1572444128746583
