Peak,Model,Center (cm⁻¹),FWHM (cm⁻¹),Area,Relative Intensity
1,pvoigt,534.1325762756207,174.58829019941777,17.029986607544355,0.1401417167820853
2,lorentz,767.0240284310887,58.52999784690921,94.2867171070453,1.0255388790372806
3,gauss,881.9242852498363,53.618741639499916,7.78288932254949,0.13636041995286763
4,pvoigt,936.0259749727859,73.04304049671421,14.894246723739158,0.2929597387021937
5,pvoigt,1463.8552248018455,143.1832842655119,16.68925616138316,0.16746069898783417
