Peak,Model,Center (cm⁻¹),FWHM (cm⁻¹),Area,Relative Intensity
1,pvoigt,540.4188276930787,252.16608319471567,28.22820206728195,0.1608291562996481
2,lorentz,777.8843228709004,130.2805853774334,67.46705015539143,0.3296796524808772
3,lorentz,796.2100911341153,12.787017850726446,14.305222003952458,0.712205713805784
4,gauss,915.2534945205483,104.52786359804614,11.126741055785413,0.09999999999999999
5,lorentz,917.1831790673534,126.79279787307257,19.916566116307017,0.09999999999999999
6,lorentz,973.8775060530288,14.77091341657322,10.888303691598042,0.4692810269835272
7,lorentz,1370.0000000001992,120.0444094288291,35.597052761731184,0.1887783673888255
8,lorentz,1600.7315616884046,85.86217092595633,32.04647563141224,0.23760661769484226
