Peak,Model,Center (cm竅ｻﾂｹ),FWHM (cm竅ｻﾂｹ),Area,Relative Intensity
1,gauss,545.4414406144939,6.601243639423019,0.9142988751799752,0.1301147454417524
2,gauss,557.100355818271,8.939721058847203,3.6023014455559648,0.3785473213169576
3,lorentz,577.3487510669903,27.711492599920778,6.188389230096026,0.14216668152320985
