Peak,Model,Center (cm⁻¹),FWHM (cm⁻¹),Area,Relative Intensity
1,lorentz,522.7296015453895,25.824480038088044,4.730683789465919,0.11661984414598006
2,gauss,546.0879215455133,65.04104656205112,22.190234082847024,0.3205076912395075
3,pvoigt,774.0435444610102,114.49635473485529,46.76704102380909,0.5868356260647029
4,pvoigt,876.8271555653013,131.09012684362582,67.39794199595214,0.7386605254492491
5,pvoigt,930.5434613965833,63.76131196620085,32.61402656520851,0.7348782854400101
6,gauss,1403.432142632107,77.5049023068463,6.563647286083073,0.07955732183401462
7,gauss,1758.531421365605,148.22899392339122,8.393611522464605,0.05319610041394408
