Peak,Model,Center (cm⁻¹),FWHM (cm⁻¹),Area,Relative Intensity
1,gauss,206.63324776568376,68.07057317775873,6.4562300071274805,0.08910122592135898
2,gauss,272.09064017968933,38.71999305211479,3.4886862318572387,0.08464293878151175
3,lorentz,530.5218448523599,74.76366950372142,49.26567880370303,0.41950195106443594
4,pvoigt,567.8756796088747,61.03444812404435,2.659925778417565,0.06261274372207286
5,gauss,763.2103465807671,77.70253434979016,51.07915902761217,0.6175507412513158
6,gauss,871.0781641736716,105.45503302310011,92.23541296037989,0.8216644125762267
7,pvoigt,927.3613841358072,82.57545976042586,34.1722171066415,0.5945527542427615
8,gauss,1367.9296440762714,155.2310111594721,20.59905790660732,0.12466167702096609
9,gauss,1591.4568032286147,90.89681532095855,22.135037417778598,0.22876821627414867
