Peak,Model,Center (cm⁻¹),FWHM (cm⁻¹),Area,Relative Intensity
1,lorentz,524.9555271847419,16.75751093012265,23.30187305577771,0.885240844082738
2,gauss,559.8121738072448,39.1646632557899,7.828585414957138,0.18778158072110954
3,pvoigt,772.2786577952054,113.2859312439191,35.402213580507784,0.4489755360200592
4,pvoigt,872.2024337059339,137.7616148952463,60.29662197294475,0.6288296280899575
5,pvoigt,927.1421781262594,65.52983720784898,28.348198658483724,0.621519297130173
6,gauss,1375.0001708802106,88.69852381389676,6.5015816203104295,0.06885995268115079
7,gauss,1774.9999999763995,117.98164632770145,4.010156717827698,0.0319308872435006
